{
  "mlp": {
    "lr": 0.001,
    "epochs": 6,
    "val_mse": 0.20830537892809703,
    "val_mae": 0.269296428602223
  },
  "cnn": {
    "lr": 0.001,
    "epochs": 6,
    "val_mse": 0.2240161665672556,
    "val_mae": 0.28472967954403766
  },
  "transformer": {
    "lr": 0.001,
    "epochs": 6,
    "val_mse": 0.21229843873906573,
    "val_mae": 0.25333176985246325
  }
}