{
  "train": {
    "shape": [
      10904,
      1,
      986
    ],
    "invalid": {
      "nan": 0,
      "inf": 0
    },
    "field_stats": {
      "g1_pos": {
        "shape": [
          10904,
          3
        ],
        "mean": -0.160213902592659,
        "std": 0.49978336691856384,
        "min": -0.9986000061035156,
        "max": 0.7412999868392944,
        "p25": -0.052299998700618744,
        "p50": -0.0,
        "p75": 0.0348999984562397
      },
      "g2_pos": {
        "shape": [
          10904,
          3
        ],
        "mean": 0.27197933197021484,
        "std": 0.4488846957683563,
        "min": -0.3982999920845032,
        "max": 0.979200005531311,
        "p25": -0.0,
        "p50": 0.19030000269412994,
        "p75": 0.7967000007629395
      },
      "g3_pos": {
        "shape": [
          10904,
          3
        ],
        "mean": -0.2962023615837097,
        "std": 0.4237609803676605,
        "min": -0.9781000018119812,
        "max": 0.3465000092983246,
        "p25": -0.3587999939918518,
        "p50": -0.2079000025987625,
        "p75": 0.0
      },
      "timestamp": {
        "shape": [
          10904,
          1
        ],
        "mean": 1412.24755859375,
        "std": 995.2098999023438,
        "min": 0.0,
        "max": 4013.56396484375,
        "p25": 619.4470062255859,
        "p50": 1235.467041015625,
        "p75": 2083.9074096679688
      },
      "area": {
        "shape": [
          10904,
          1
        ],
        "mean": 0.0,
        "std": 0.0,
        "min": 0.0,
        "max": 0.0,
        "p25": 0.0,
        "p50": 0.0,
        "p75": 0.0
      },
      "gt_pos": {
        "shape": [
          10904,
          3
        ],
        "mean": 0.3914134204387665,
        "std": 1.027451753616333,
        "min": -3.242000102996826,
        "max": 3.9600000381469727,
        "p25": -0.4099999964237213,
        "p50": 0.7434999942779541,
        "p75": 1.100000023841858
      },
      "g1_spec": {
        "shape": [
          10904,
          324
        ],
        "mean": 0.22289031744003296,
        "std": 0.19384488463401794,
        "min": 0.0001929780119098723,
        "max": 0.9824554920196533,
        "p25": 0.08480911888182163,
        "p50": 0.17020857334136963,
        "p75": 0.2873584032058716
      },
      "g2_spec": {
        "shape": [
          10904,
          324
        ],
        "mean": 0.22473911941051483,
        "std": 0.15311071276664734,
        "min": 5.920025068917312e-05,
        "max": 0.982307493686676,
        "p25": 0.11608044244349003,
        "p50": 0.19197652488946915,
        "p75": 0.2945057526230812
      },
      "g3_spec": {
        "shape": [
          10904,
          324
        ],
        "mean": 0.22177784144878387,
        "std": 0.20071205496788025,
        "min": 7.247363828355446e-05,
        "max": 0.984235942363739,
        "p25": 0.0755530297756195,
        "p50": 0.16323606669902802,
        "p75": 0.2861054614186287
      }
    },
    "distance_stats": {
      "g1_dist": {
        "shape": [
          10904
        ],
        "mean": 2.2038238048553467,
        "std": 0.8848112225532532,
        "min": 0.386042982339859,
        "max": 4.955852508544922,
        "p25": 1.3423388600349426,
        "p50": 2.224717140197754,
        "p75": 2.898335635662079
      },
      "g2_dist": {
        "shape": [
          10904
        ],
        "mean": 1.5773733854293823,
        "std": 0.5870010256767273,
        "min": 0.13545115292072296,
        "max": 4.983920097351074,
        "p25": 1.2744953036308289,
        "p50": 1.5288777947425842,
        "p75": 1.833994299173355
      },
      "g3_dist": {
        "shape": [
          10904
        ],
        "mean": 2.4045867919921875,
        "std": 0.6467881798744202,
        "min": 0.2632744014263153,
        "max": 5.774353981018066,
        "p25": 1.7849061191082,
        "p50": 2.466057062149048,
        "p75": 2.8795608282089233
      }
    },
    "spectrum_energy_stats": {
      "g1_spec_mean_energy": {
        "shape": [
          10904
        ],
        "mean": 0.222890242934227,
        "std": 0.012986169196665287,
        "min": 0.17523033916950226,
        "max": 0.2553045451641083,
        "p25": 0.2094450294971466,
        "p50": 0.22440305352210999,
        "p75": 0.23407158628106117
      },
      "g2_spec_mean_energy": {
        "shape": [
          10904
        ],
        "mean": 0.22473911941051483,
        "std": 0.013588045723736286,
        "min": 0.1710399091243744,
        "max": 0.25579124689102173,
        "p25": 0.21581990271806717,
        "p50": 0.22623926401138306,
        "p75": 0.23463605344295502
      },
      "g3_spec_mean_energy": {
        "shape": [
          10904
        ],
        "mean": 0.22177793085575104,
        "std": 0.012697184458374977,
        "min": 0.17821799218654633,
        "max": 0.2563401758670807,
        "p25": 0.2094450294971466,
        "p50": 0.22022943198680878,
        "p75": 0.2329656109213829
      }
    },
    "area_counts": {
      "0": 10904
    }
  },
  "test": {
    "shape": [
      16356,
      1,
      986
    ],
    "invalid": {
      "nan": 0,
      "inf": 0
    },
    "field_stats": {
      "g1_pos": {
        "shape": [
          16356,
          3
        ],
        "mean": -0.1602138876914978,
        "std": 0.49978336691856384,
        "min": -0.9986000061035156,
        "max": 0.7412999868392944,
        "p25": -0.052299998700618744,
        "p50": -0.0,
        "p75": 0.0348999984562397
      },
      "g2_pos": {
        "shape": [
          16356,
          3
        ],
        "mean": 0.27197933197021484,
        "std": 0.4488846957683563,
        "min": -0.3982999920845032,
        "max": 0.979200005531311,
        "p25": -0.0,
        "p50": 0.19030000269412994,
        "p75": 0.7967000007629395
      },
      "g3_pos": {
        "shape": [
          16356,
          3
        ],
        "mean": -0.2962023615837097,
        "std": 0.4237609803676605,
        "min": -0.9781000018119812,
        "max": 0.3465000092983246,
        "p25": -0.3587999939918518,
        "p50": -0.2079000025987625,
        "p75": 0.0
      },
      "timestamp": {
        "shape": [
          16356,
          1
        ],
        "mean": 1393.266357421875,
        "std": 998.6670532226562,
        "min": 0.0,
        "max": 4012.806884765625,
        "p25": 561.9047546386719,
        "p50": 1198.7979736328125,
        "p75": 2102.0767211914062
      },
      "area": {
        "shape": [
          16356,
          1
        ],
        "mean": 0.0,
        "std": 0.0,
        "min": 0.0,
        "max": 0.0,
        "p25": 0.0,
        "p50": 0.0,
        "p75": 0.0
      },
      "gt_pos": {
        "shape": [
          16356,
          3
        ],
        "mean": 0.38982120156288147,
        "std": 1.0395946502685547,
        "min": -3.242000102996826,
        "max": 4.1620001792907715,
        "p25": -0.4272499904036522,
        "p50": 0.7440000176429749,
        "p75": 1.100000023841858
      },
      "g1_spec": {
        "shape": [
          16356,
          324
        ],
        "mean": 0.22258275747299194,
        "std": 0.19414380192756653,
        "min": 7.395907596219331e-05,
        "max": 0.9836816191673279,
        "p25": 0.08385282009840012,
        "p50": 0.1697777733206749,
        "p75": 0.2868451401591301
      },
      "g2_spec": {
        "shape": [
          16356,
          324
        ],
        "mean": 0.224636971950531,
        "std": 0.15346559882164001,
        "min": 0.00012237158080097288,
        "max": 0.9811764359474182,
        "p25": 0.1157594583928585,
        "p50": 0.1917915791273117,
        "p75": 0.29454610496759415
      },
      "g3_spec": {
        "shape": [
          16356,
          324
        ],
        "mean": 0.22211992740631104,
        "std": 0.19899003207683563,
        "min": 4.3871390516869724e-05,
        "max": 0.9875714182853699,
        "p25": 0.07660296186804771,